Job ID,Job URL,Job Title,Company Name,Status,Timestamp,WP ID
35a2d289e6cc2219,https://tg.linkedin.com/jobs/view/internal-listing-streets-and-stormwater-operator-iii-at-city-of-tulsa-4437498744,INTERNAL LISTING: STREETS AND STORMWATER OPERATOR III,,scraped,2026-07-07T02:05:58.498172,
552305f748a03db7,https://tg.linkedin.com/jobs/view/support-technique-at-gozem-africa-s-super-app-4433143210,Support Technique,,scraped,2026-07-07T02:06:11.137410,
bd1386a6813779d0,https://tg.linkedin.com/jobs/view/entrepreneur-in-residence-eir-at-the-flex-4436951244,Entrepreneur in Residence (EIR),,scraped,2026-07-07T02:06:20.274080,
98f68101e94e9245,https://tg.linkedin.com/jobs/view/hr-specialist-hr-manager-at-gozem-africa-s-super-app-4433192427,HR Specialist/HR Manager,,scraped,2026-07-07T02:06:27.228527,
258d31da8b7d22e9,https://tg.linkedin.com/jobs/view/growth-marketer-at-the-flex-4436786012,Growth Marketer,,scraped,2026-07-07T02:06:36.141887,
d7173afd0e41262d,https://tg.linkedin.com/jobs/view/responsable-d-agence-dapaong-togo-at-lapaire-4437181946,"Responsable d'Agence - Dapaong, Togo",,scraped,2026-07-07T02:06:42.566600,
c702e236b71b8cc1,https://tg.linkedin.com/jobs/view/country-director-%E2%80%93-togo-benin-at-cbm-christian-blind-mission-4435538217,Country Director – Togo & Benin,,scraped,2026-07-07T02:06:50.497193,
f764e6655c838261,https://tg.linkedin.com/jobs/view/commercial-e-dapaong-togo-at-lapaire-4437185711,"Commercial (e)  - Dapaong, Togo",,scraped,2026-07-07T02:06:57.967363,
0b0d9a335cf72824,https://tg.linkedin.com/jobs/view/secr%C3%A9taire-bilingue-4437153111,Secrétaire Bilingue,Achetia,posted,2026-07-07T02:07:12.623603,19
31c0f40606b02b1c,https://tg.linkedin.com/jobs/view/ux-designer-h-f-at-groupe-isd-afrik-4437468306,UX DESIGNER (H/F),GROUPE ISD AFRIK,posted,2026-07-07T02:07:25.166048,21
41bf78731290ddf6,https://tg.linkedin.com/jobs/view/registered-nurse-pre-op-recovery-prn-at-novamed-4435165288,Registered Nurse- Pre Op Recovery (PRN),Novamed,posted,2026-07-07T02:07:35.050005,23
c0af88b84d815e6d,https://tg.linkedin.com/jobs/view/policy-committee-at-skillounce-4437469740,Policy committee,,scraped,2026-07-07T02:07:37.941986,
9a3af415c0253a01,https://tg.linkedin.com/jobs/view/apporteur-d-affaires-4433196199,Apporteur d'affaires,DIGITALIS TOGO,posted,2026-07-07T02:07:51.288416,25
3f74b8329d08a6d7,https://tg.linkedin.com/jobs/view/ai-video-creator-at-the-flex-4436768731,AI Video Creator,,scraped,2026-07-07T02:07:53.899569,
293cb407e0337ca8,https://tg.linkedin.com/jobs/view/stagiaire-4431957706,Stagiaire,OTHER’S sarl u,posted,2026-07-07T02:08:06.170753,27
a76f7dd767ad509c,https://tg.linkedin.com/jobs/view/principal-ai-ml-engineer-large-language-model-ts-sci-s-at-danbury-mission-technologies-4435898830,Principal AI/ML Engineer (Large Language Model) (TS/SCI) {S},,scraped,2026-07-07T02:08:08.745563,
ab1ed7506e3d1bf0,https://tg.linkedin.com/jobs/view/staff-infrastructure-devsecops-engineer-ts-sci-with-full-scope-poly-s-at-danbury-mission-technologies-4435896852,Staff Infrastructure/DevSecOps Engineer (TS/SCI with Full Scope Poly) {S},Danbury Mission Technologies,posted,2026-07-07T02:08:46.490932,29
2a66346c9e1a34e3,https://tg.linkedin.com/jobs/view/senior-computer-vision-ai-ml-engineer-ts-sci-s-at-danbury-mission-technologies-4436102099,Senior Computer Vision AI/ML Engineer (TS/SCI) {S},,scraped,2026-07-07T02:08:49.018548,
8b4c3fd0c6670450,https://tg.linkedin.com/jobs/view/senior-system-engineer-ts-sci-with-ci-poly-s-at-danbury-mission-technologies-4435893783,Senior System Engineer (TS/SCI with CI Poly) {S},Danbury Mission Technologies,posted,2026-07-07T02:09:34.263935,31
c777315a7eef1392,https://tg.linkedin.com/jobs/view/charg%C3%A9-e-de-protection-de-l-enfant-no-1-lom%C3%A9-togo-fixed-term-%2386364-at-unicef-4436129030,"Chargé(e) de Protection de l'Enfant, NO-1, Lomé-Togo, Fixed Term, #86364",UNICEF,posted,2026-07-07T12:17:16.579738,33
5c2ee0d063c4f9b7,https://tg.linkedin.com/jobs/view/dishwasher-at-30hop-american-bar-kitchen-4436157167,Dishwasher,30hop American Bar &amp; Kitchen,posted,2026-07-07T12:17:25.575488,35
afde37a38c19c11f,https://tg.linkedin.com/jobs/view/charg%C3%A9-e-de-protection-de-l-enfant-no-1-lom%C3%A9-togo-fixed-term-%2386364-at-unicef-chad-4433153602,"Chargé(e) de Protection de l'Enfant, NO-1, Lomé-Togo, Fixed Term, #86364",Unicef CHAD,posted,2026-07-07T12:17:37.447209,37
204c39331dcd03fd,https://tg.linkedin.com/jobs/view/host-food-runner-at-30hop-american-bar-kitchen-4435372239,Host / Food Runner,30hop American Bar &amp; Kitchen,posted,2026-07-07T12:17:49.959290,39
97e3296d74d1e537,https://tg.linkedin.com/jobs/view/radiology-technician-prn-at-novamed-4435146975,Radiology Technician PRN,Novamed,posted,2026-07-07T12:18:02.589277,41
95c1ca16f5fa1de2,https://tg.linkedin.com/jobs/view/commercial-e-d%C3%A9kon-togo-at-lapaire-4437190603,"Commercial (e)  - Dékon, Togo",,scraped,2026-07-07T12:18:10.996397,
ca36a316e4ef6dbb,https://tg.linkedin.com/jobs/view/ux-ui-designer-at-the-flex-4436371927,UX/UI Designer,,scraped,2026-07-07T12:18:18.956070,
bd0aed6be510b987,https://tg.linkedin.com/jobs/view/programme-and-projects-committee-at-skillounce-4437459893,Programme and projects committee,,scraped,2026-07-07T12:18:25.611477,
85159fd8e6c9b059,https://tg.linkedin.com/jobs/view/ai-ml-engineer-ts-sci-with-ci-poly-s-at-danbury-mission-technologies-4436107132,AI/ML Engineer (TS/SCI with CI Poly) {S},Danbury Mission Technologies,posted,2026-07-07T12:18:42.850019,43
301cc1e147429527,https://tg.linkedin.com/jobs/view/experienced-administration-and-procurement-coordinator-at-edms-australia-4434577500,Experienced Administration and Procurement Coordinator,,scraped,2026-07-07T20:32:15.265027,
d6d14dd9517e6904,https://tg.linkedin.com/jobs/view/intake-specialist-i-at-altamed-health-services-4437481558,Intake Specialist I,AltaMed Health Services,posted,2026-07-07T20:32:31.205133,45
e78b216ac041487c,https://tg.linkedin.com/jobs/view/human-resources-bilingual-leave-of-absence-specialist-at-oliver-s-market-4436851217,Human Resources Bilingual Leave of Absence Specialist,Oliver's Market,posted,2026-07-07T20:32:44.568219,47
6e793e12e37fa7a5,https://tg.linkedin.com/jobs/view/stagiaire-en-communication-marketing-at-acan-4413650602,Stagiaire en communication & Marketing,ACAN,posted,2026-07-07T20:33:05.476859,49
f3d13e4f5cf6487e,https://tg.linkedin.com/jobs/view/policy-committee-at-skillounce-4437832095,Policy committee,,scraped,2026-07-07T20:33:10.212706,
f83091a4a5c7bf5e,https://tg.linkedin.com/jobs/view/chef-de-division-digitalisation-et-analyse-de-donn%C3%A9es-at-ecobank-transnational-incorporated-4436804460,Chef de Division Digitalisation et Analyse de Données,,scraped,2026-07-07T20:33:19.624036,
56ca0ff79b2c60b0,https://tg.linkedin.com/jobs/view/full-stack-javascript-developer-%E2%80%93-node-js-at-enyosolutions-4434564435,Full Stack JavaScript Developer – Node.js,,scraped,2026-07-07T20:33:33.329460,
e6d5bd5879a9add0,https://tg.linkedin.com/jobs/view/policy-committee-at-skillounce-4430683500,Policy committee,,scraped,2026-07-08T06:45:35.567436,
85f125fe8d33413c,https://tg.linkedin.com/jobs/view/patient-mediator-at-w-e-srl-agenzia-di-comunicazione-4437832394,Patient Mediator,,scraped,2026-07-08T13:19:56.928942,
58b71ab2c2ae47ff,https://tg.linkedin.com/jobs/view/work-from-home-customer-support-%E2%80%93-french-speaking-at-talentpop-app-4434879472,Work-from-Home Customer Support – French Speaking,TalentPop App,posted,2026-07-08T18:56:33.368535,61
dad404c2abe96ef0,https://tg.linkedin.com/jobs/view/work-from-home-customer-support-%E2%80%93-french-speaking-at-talentpop-app-4434878569,Work-from-Home Customer Support – French Speaking,TalentPop App,posted,2026-07-08T18:56:38.405419,61
552ba7ce5629410b,https://tg.linkedin.com/jobs/view/work-from-home-customer-support-%E2%80%93-french-speaking-at-talentpop-app-4434874620,Work-from-Home Customer Support – French Speaking,TalentPop App,posted,2026-07-08T18:56:43.213505,61
74a001f4ce078940,https://tg.linkedin.com/jobs/view/work-from-home-customer-support-%E2%80%93-french-speaking-at-talentpop-app-4434889287,Work-from-Home Customer Support – French Speaking,TalentPop App,scraped,2026-07-08T18:56:47.411384,
59b37d6d4e1e551b,https://tg.linkedin.com/jobs/view/work-from-home-customer-support-%E2%80%93-french-speaking-at-talentpop-app-4434870748,Work-from-Home Customer Support – French Speaking,TalentPop App,scraped,2026-07-08T18:56:51.542775,
a1a3fa6bab175a9b,https://tg.linkedin.com/jobs/view/work-from-home-customer-support-%E2%80%93-french-speaking-at-talentpop-app-4434877583,Work-from-Home Customer Support – French Speaking,TalentPop App,posted,2026-07-08T18:56:56.246170,61
3399dad2ff8f950c,https://tg.linkedin.com/jobs/view/work-from-home-customer-support-%E2%80%93-french-speaking-at-talentpop-app-4434882354,Work-from-Home Customer Support – French Speaking,TalentPop App,scraped,2026-07-08T18:57:00.263472,
f9c399c100d38b23,https://tg.linkedin.com/jobs/view/agent-de-support-client%C3%A8le-international-h-f-at-talentpop-app-4434878570,Agent de Support Clientèle International (H/F),TalentPop App,posted,2026-07-08T18:57:10.129440,63
12c1c01d0b41ca08,https://tg.linkedin.com/jobs/view/agent-de-support-client%C3%A8le-international-h-f-at-talentpop-app-4434879485,Agent de Support Clientèle International (H/F),TalentPop App,posted,2026-07-08T18:57:19.711495,65
4745fb553fce1ae5,https://tg.linkedin.com/jobs/view/agent-de-support-client%C3%A8le-international-h-f-at-talentpop-app-4434877704,Agent de Support Clientèle International (H/F),TalentPop App,posted,2026-07-08T18:57:27.047984,67
fe6cd49858899991,https://tg.linkedin.com/jobs/view/french-customer-support-specialist-bilingual-fr-en-non-voice-blended-remote-at-talentpop-app-4434890401,French Customer Support Specialist (Bilingual FR/EN | Non-Voice/Blended | Remote),TalentPop App,posted,2026-07-08T18:57:35.389162,69
9c448150c522dc39,https://tg.linkedin.com/jobs/view/sp%C3%A9cialiste-bilingue-fran%C3%A7ais-anglais-du-support-client-%E2%80%94-voix-et-chat-at-talentpop-app-4434876614,Spécialiste Bilingue (Français/Anglais) du Support Client — Voix et Chat,TalentPop App,posted,2026-07-08T18:57:43.579474,71
72adba7f9184c37a,https://tg.linkedin.com/jobs/view/french%2Benglish-bilingual-customer-service-representative-at-talentpop-app-4434893020,French+English Bilingual Customer Service Representative,TalentPop App,posted,2026-07-08T18:57:51.375368,73
b02a7336cd716693,https://tg.linkedin.com/jobs/view/digital-sales-support-representative-at-talentpop-app-4434873662,Digital Sales & Support Representative,TalentPop App,posted,2026-07-08T18:57:59.380038,75
2821cd7edbbdb58d,https://tg.linkedin.com/jobs/view/french%2Benglish-bilingual-customer-service-representative-at-talentpop-app-4434870824,French+English Bilingual Customer Service Representative,TalentPop App,posted,2026-07-08T18:58:06.846744,77
e7cad687fa1cd837,https://tg.linkedin.com/jobs/view/french-english-customer-support-associate-at-talentpop-app-4434869823,French-English Customer Support Associate,TalentPop App,posted,2026-07-08T18:58:14.712320,79
01cc09009af366bc,https://tg.linkedin.com/jobs/view/french-customer-support-specialist-bilingual-fr-en-non-voice-blended-remote-at-talentpop-app-4434882325,French Customer Support Specialist (Bilingual FR/EN | Non-Voice/Blended | Remote),TalentPop App,posted,2026-07-08T18:58:19.822754,69
c93fb123869e0f38,https://tg.linkedin.com/jobs/view/french-english-customer-support-associate-at-talentpop-app-4434885293,French-English Customer Support Associate,TalentPop App,posted,2026-07-08T18:58:25.128782,79
a3dff6092fcf92a8,https://tg.linkedin.com/jobs/view/remote-french-bilingual-customer-support-representative-at-talentpop-app-4434871802,Remote French Bilingual Customer Support Representative,TalentPop App,posted,2026-07-08T18:58:33.556122,81
fe06f21d4d8393a9,https://tg.linkedin.com/jobs/view/remote-french-bilingual-customer-support-representative-at-talentpop-app-4434871793,Remote French Bilingual Customer Support Representative,TalentPop App,posted,2026-07-08T18:58:38.781102,81
e5d91faaa4f957aa,https://tg.linkedin.com/jobs/view/remote-french-bilingual-customer-support-representative-at-talentpop-app-4434875551,Remote French Bilingual Customer Support Representative,TalentPop App,posted,2026-07-08T18:58:43.853889,81
a30b1a4bf10c79c1,https://tg.linkedin.com/jobs/view/french-english-customer-support-associate-at-talentpop-app-4434882440,French-English Customer Support Associate,TalentPop App,posted,2026-07-08T18:58:51.554127,79
d0e28928a4b29fc7,https://tg.linkedin.com/jobs/view/remote-french-bilingual-customer-support-representative-at-talentpop-app-4434882375,Remote French Bilingual Customer Support Representative,TalentPop App,posted,2026-07-08T18:58:57.145048,81
14ca34818179f78a,https://tg.linkedin.com/jobs/view/agent-de-support-client%C3%A8le-international-h-f-at-talentpop-app-4434873761,Agent de Support Clientèle International (H/F),TalentPop App,posted,2026-07-08T23:44:51.972442,83
e77be0d4776476c4,https://tg.linkedin.com/jobs/view/bilingual-customer-support-specialist-french-english-100%25-remote-at-talentpop-app-4434886381,Bilingual Customer Support Specialist (French/English) - 100% Remote,TalentPop App,posted,2026-07-08T23:45:00.399912,85
961baf4f335a48c3,https://tg.linkedin.com/jobs/view/bilingual-customer-support-specialist-french-english-100%25-remote-at-talentpop-app-4434884280,Bilingual Customer Support Specialist (French/English) - 100% Remote,TalentPop App,posted,2026-07-08T23:45:05.274609,85
d50fe62b872cb28b,https://tg.linkedin.com/jobs/view/bilingual-customer-support-specialist-french-english-100%25-remote-at-talentpop-app-4434885285,Bilingual Customer Support Specialist (French/English) - 100% Remote,TalentPop App,posted,2026-07-08T23:45:10.209696,85
37fe34f679c832b5,https://tg.linkedin.com/jobs/view/digital-sales-support-representative-at-talentpop-app-4434870731,Digital Sales & Support Representative,TalentPop App,posted,2026-07-08T23:45:19.314870,75
d801714efd8d97b7,https://tg.linkedin.com/jobs/view/french%2Benglish-bilingual-customer-service-representative-at-talentpop-app-4434893033,French+English Bilingual Customer Service Representative,TalentPop App,posted,2026-07-08T23:45:29.978114,87
d5eec331e64cc299,https://tg.linkedin.com/jobs/view/french%2Benglish-bilingual-customer-service-representative-at-talentpop-app-4434889425,French+English Bilingual Customer Service Representative,TalentPop App,posted,2026-07-08T23:45:45.332171,89
f0b151af4c4977e6,https://tg.linkedin.com/jobs/view/bilingual-customer-support-specialist-french-english-100%25-remote-at-talentpop-app-4434887315,Bilingual Customer Support Specialist (French/English) - 100% Remote,TalentPop App,posted,2026-07-08T23:45:52.240768,85
64e00a5d66111a92,https://tg.linkedin.com/jobs/view/digital-sales-support-representative-at-talentpop-app-4434875538,Digital Sales & Support Representative,TalentPop App,posted,2026-07-08T23:45:57.197540,75
5217d64ca80391ce,https://tg.linkedin.com/jobs/view/french-customer-support-specialist-bilingual-fr-en-non-voice-blended-remote-at-talentpop-app-4434886476,French Customer Support Specialist (Bilingual FR/EN | Non-Voice/Blended | Remote),TalentPop App,posted,2026-07-08T23:46:02.165828,69
846a6c5058244f36,https://tg.linkedin.com/jobs/view/digital-sales-support-representative-at-talentpop-app-4434876516,Digital Sales & Support Representative,TalentPop App,posted,2026-07-08T23:46:07.139538,75
61dfcfb77840eca8,https://tg.linkedin.com/jobs/view/policy-committee-at-skillounce-4438512680,Policy committee,,scraped,2026-07-08T23:46:19.895068,
c92c46bd20ab8edd,https://tg.linkedin.com/jobs/view/couture-4434859754,Couture,AL Mood’e,posted,2026-07-08T23:46:36.072931,91
b9cbc982258b6fe2,https://tg.linkedin.com/jobs/view/virtual-customer-support-agent-french-english-%E2%80%93-100%25-remote-at-talentpop-app-4434870720,Virtual Customer Support Agent (French/English) – 100% Remote,TalentPop App,posted,2026-07-09T11:24:52.943408,93
12df5f7c4aef1605,https://tg.linkedin.com/jobs/view/virtual-customer-support-agent-french-english-%E2%80%93-100%25-remote-at-talentpop-app-4434869786,Virtual Customer Support Agent (French/English) – 100% Remote,TalentPop App,scraped,2026-07-09T11:24:56.978071,
7770f2e73df92f4b,https://tg.linkedin.com/jobs/view/virtual-customer-support-agent-french-english-%E2%80%93-100%25-remote-at-talentpop-app-4434870757,Virtual Customer Support Agent (French/English) – 100% Remote,TalentPop App,posted,2026-07-09T11:25:06.040279,93
d18e89c0131def22,https://tg.linkedin.com/jobs/view/virtual-customer-support-agent-french-english-%E2%80%93-100%25-remote-at-talentpop-app-4434872587,Virtual Customer Support Agent (French/English) – 100% Remote,TalentPop App,scraped,2026-07-09T11:25:10.248981,
5476b782eacc01a7,https://tg.linkedin.com/jobs/view/french-customer-support-specialist-bilingual-fr-en-non-voice-blended-remote-at-talentpop-app-4434885292,French Customer Support Specialist (Bilingual FR/EN | Non-Voice/Blended | Remote),TalentPop App,posted,2026-07-09T11:25:15.052463,69
46d2d323240e3ddc,https://tg.linkedin.com/jobs/view/work-from-home-customer-support-%E2%80%93-french-speaking-at-talentpop-app-4434876559,Work-from-Home Customer Support – French Speaking,TalentPop App,posted,2026-07-09T11:25:41.938437,61
b3189893c0799a26,https://tg.linkedin.com/jobs/view/territory-manager-at-groves-industrial-4435690669,Territory Manager,Groves Industrial,posted,2026-07-09T18:27:29.384124,95
1145b7bb7713f351,https://tg.linkedin.com/jobs/view/virtual-customer-support-agent-french-english-%E2%80%93-100%25-remote-at-talentpop-app-4435673368,Virtual Customer Support Agent (French/English) – 100% Remote,TalentPop App,posted,2026-07-09T18:27:52.743601,93
4633ee49a7df9a44,https://tg.linkedin.com/jobs/view/virtual-customer-support-agent-french-english-%E2%80%93-100%25-remote-at-talentpop-app-4435677254,Virtual Customer Support Agent (French/English) – 100% Remote,TalentPop App,posted,2026-07-09T18:28:05.499979,93
0eb8461f20343c48,https://tg.linkedin.com/jobs/view/french-speaking-customer-support-specialist-at-talentpop-app-4434888451,French-Speaking Customer Support Specialist,TalentPop App,posted,2026-07-09T18:28:19.390434,97
a28b1b3d7db685ef,https://tg.linkedin.com/jobs/view/french-speaking-customer-support-specialist-at-talentpop-app-4434890230,French-Speaking Customer Support Specialist,TalentPop App,scraped,2026-07-09T18:28:23.417246,
89dbaf22245586d0,https://tg.linkedin.com/jobs/view/sp%C3%A9cialiste-bilingue-fran%C3%A7ais-anglais-du-support-client-%E2%80%94-voix-et-chat-at-talentpop-app-4434882457,Spécialiste Bilingue (Français/Anglais) du Support Client — Voix et Chat,TalentPop App,posted,2026-07-09T18:28:36.657695,99
15eefa8c958c651a,https://tg.linkedin.com/jobs/view/sales-proposals-engineer-at-rehlko-4437787447,Sales & proposals engineer,Rehlko,posted,2026-07-09T18:28:49.897861,101
79099b6f3f6b009f,https://tg.linkedin.com/jobs/view/sp%C3%A9cialiste-bilingue-fran%C3%A7ais-anglais-du-support-client-%E2%80%94-voix-et-chat-at-talentpop-app-4434892303,Spécialiste Bilingue (Français/Anglais) du Support Client — Voix et Chat,TalentPop App,posted,2026-07-09T23:55:29.746270,103
697f4e3bad41cc71,https://tg.linkedin.com/jobs/view/chef-cheffe-d-%C3%A9quipe-expert-e-en-%C3%A9nergie-at-ntu-international-a-s-4438629080,Chef / Cheffe d'Équipe - Expert(e) en Énergie,,scraped,2026-07-10T11:23:23.309247,
79b480cf8a68bfbd,https://tg.linkedin.com/jobs/view/virtual-customer-support-agent-french-english-%E2%80%93-100%25-remote-at-talentpop-app-4434880374,Virtual Customer Support Agent (French/English) – 100% Remote,TalentPop App,posted,2026-07-10T11:23:41.844175,93
cfcfdb9078bc456a,https://tg.linkedin.com/jobs/view/virtual-customer-support-agent-french-english-%E2%80%93-100%25-remote-at-talentpop-app-4434884251,Virtual Customer Support Agent (French/English) – 100% Remote,TalentPop App,scraped,2026-07-10T11:23:45.919467,
cdc6a9c4dff3a3ea,https://tg.linkedin.com/jobs/view/expert-e-secteur-de-l%E2%80%99%C3%A9nergie-au-b%C3%A9nin-at-ntu-international-a-s-4438654316,Expert(e) Secteur de l’Énergie au Bénin,,scraped,2026-07-10T11:24:08.449616,
6bb4b25a43766bb4,https://tg.linkedin.com/jobs/view/building-attendant-at-chatham-kent-economic-development-services-4438879648,Building Attendant,,scraped,2026-07-10T18:09:06.004684,
792fb263fb4add9c,https://tg.linkedin.com/jobs/view/sp%C3%A9cialiste-bilingue-fran%C3%A7ais-anglais-du-support-client-%E2%80%94-voix-et-chat-at-talentpop-app-4434869795,Spécialiste Bilingue (Français/Anglais) du Support Client — Voix et Chat,TalentPop App,posted,2026-07-10T18:09:59.024373,105
2b4e85602ff54770,https://tg.linkedin.com/jobs/view/french-speaking-customer-support-specialist-at-talentpop-app-4434887417,French-Speaking Customer Support Specialist,TalentPop App,posted,2026-07-10T18:10:03.979764,97
ada629dd36e8ad19,https://tg.linkedin.com/jobs/view/french-speaking-customer-support-specialist-at-talentpop-app-4434870810,French-Speaking Customer Support Specialist,TalentPop App,posted,2026-07-10T18:10:09.413548,97
c9e7319c61e9c2f8,https://tg.linkedin.com/jobs/view/french-speaking-customer-support-specialist-at-talentpop-app-4434892163,French-Speaking Customer Support Specialist,TalentPop App,scraped,2026-07-10T18:10:13.430533,
bf50ad9656342b52,https://tg.linkedin.com/jobs/view/french-speaking-customer-support-specialist-at-talentpop-app-4434892239,French-Speaking Customer Support Specialist,TalentPop App,scraped,2026-07-10T18:10:25.601385,
250c4099d997dfb3,https://tg.linkedin.com/jobs/view/french-speaking-customer-support-specialist-at-talentpop-app-4434884294,French-Speaking Customer Support Specialist,TalentPop App,posted,2026-07-10T18:10:30.130595,97
9094bc87c323c085,https://tg.linkedin.com/jobs/view/french-speaking-customer-support-specialist-at-talentpop-app-4434889263,French-Speaking Customer Support Specialist,TalentPop App,scraped,2026-07-10T18:10:34.217169,
3294805ff8a8dd6d,https://tg.linkedin.com/jobs/view/juriste-sp%C3%A9cialis%C3%A9-en-cadre-l%C3%A9gal-et-r%C3%A9glementaire-du-secteur-de-l%E2%80%99%C3%A9nergie-et-des-ppp-at-ntu-international-a-s-4439072702,Juriste spécialisé en cadre légal et réglementaire du secteur de l’énergie et des PPP,,scraped,2026-07-10T18:10:38.815516,
70e9619be283de85,https://tg.linkedin.com/jobs/view/membre-artistique-technique-at-amazing-voice-togo-4439313666,Membre artistique & technique,,scraped,2026-07-10T23:17:48.460491,
c43f82fabcb707e6,https://tg.linkedin.com/jobs/view/virtual-customer-support-agent-french-english-%E2%80%93-100%25-remote-at-talentpop-app-4435686104,Virtual Customer Support Agent (French/English) – 100% Remote,TalentPop App,posted,2026-07-10T23:18:16.593287,93
b3cb3b5dc0598df9,https://tg.linkedin.com/jobs/view/human-resources-office-manager-at-sicpa-4434532279,Human Resources & Office Manager,,scraped,2026-07-10T23:18:37.171422,
51155c18e0839034,https://tg.linkedin.com/jobs/view/materials-manager-surgical-tech-at-novamed-4439527841,Materials Manager/ Surgical Tech,Novamed,posted,2026-07-11T07:22:11.580259,107
056e776748fa853c,https://tg.linkedin.com/jobs/view/business-office-coordinator-scheduler-at-novamed-4439529829,Business Office Coordinator/ Scheduler,Novamed,posted,2026-07-11T07:22:26.234547,109
25603faaad322a47,https://tg.linkedin.com/jobs/view/volontaire-animateur-trice-villages-r%C3%A9gion-maritime-at-yebango-4438328355,Volontaire Animateur/trice - Villages Région Maritime,,scraped,2026-07-11T07:22:38.767911,
de263113c2643d55,https://tg.linkedin.com/jobs/view/french-english-customer-support-associate-at-talentpop-app-4434869996,French-English Customer Support Associate,TalentPop App,posted,2026-07-11T07:23:06.258735,79
088400cd08b3fdc3,https://tg.linkedin.com/jobs/view/lead-estimator-at-millenext-4432711228,Lead Estimator,MilleNext,posted,2026-07-11T11:33:48.027372,111
59b697c57519f9cc,https://tg.linkedin.com/jobs/view/rn-pre-op-recovery-at-novamed-4439522926,RN Pre-Op & Recovery,Novamed,posted,2026-07-11T11:34:27.811837,113
6c09ecbdf30ac93e,https://tg.linkedin.com/jobs/view/assistant-comptable-h-f-at-tareef-humain-4436623218,Assistant comptable H/F,Tareef Humain,posted,2026-07-11T15:34:33.326415,115
552e568ddfdb5711,https://tg.linkedin.com/jobs/view/meat-the-bun-bar-bistro-whyte-ave-at-meat-the-bun-4438941425,Meat The Bun Bar & Bistro - Whyte Ave,Meat The Bun,failed|wp_post_failed,2026-07-13T22:34:13.122417,
6dc48e13a41634d9,https://tg.linkedin.com/jobs/view/technical-trainer-at-marmon-foodservice-technologies-4437621081,Technical Trainer,Marmon Foodservice Technologies,failed|wp_post_failed,2026-07-13T22:34:29.471846,
87a2db99a727eeb2,https://tg.linkedin.com/jobs/view/full-stack-developer-%E2%80%93-node-js-at-enyosolutions-4440017500,Full Stack Developer – Node.js,,scraped,2026-07-13T22:34:36.041372,
ec644921fc626633,https://tg.linkedin.com/jobs/view/expert-r%C3%A9seaux-%C3%A9lectriques-at-ntu-international-a-s-4439799416,Expert Réseaux Électriques,,scraped,2026-07-13T22:35:23.322719,
6f27242be739b6a3,https://tg.linkedin.com/jobs/view/expert-senior-en-politique-%C3%A9nerg%C3%A9tique-at-ntu-international-a-s-4440070150,Expert Senior en Politique Énergétique,,scraped,2026-07-13T22:35:40.381516,
ecfcc74216b9cd14,https://tg.linkedin.com/jobs/view/administrative-assistant-at-compa%C3%B1ia-electrica-de-sochagota-s-a-e-s-p-termopaipa-iv-4440171575,Administrative Assistant,COMPAÑIA ELECTRICA DE SOCHAGOTA S.A. E.S.P - TERMOPAIPA IV,posted,2026-07-20T22:40:02.527096,117
55784bd91418f8a0,https://tg.linkedin.com/jobs/view/story-teller-at-odixcity-consulting-4442738306,Story teller,Odixcity Consulting,posted,2026-07-20T22:40:10.673481,119
7cdc99bce83a6606,https://tg.linkedin.com/jobs/view/tutor-teacher-language-guide-at-kingcretot-experience-4441313439,Tutor / Teacher / Language Guide.,KingCretot Experience,posted,2026-07-20T22:40:18.438451,121
87cae5759b62f100,https://tg.linkedin.com/jobs/view/agent-de-support-client%C3%A8le-international-h-f-at-talentpop-app-4437648670,Agent de Support Clientèle International (H/F),TalentPop App,posted,2026-07-20T22:40:26.220043,123
35f1ed999d8e0dee,https://tg.linkedin.com/jobs/view/administrative-assistant-at-contourglobal-4441311184,Administrative Assistant,,scraped,2026-07-20T22:40:28.841885,
0d5d1a541d3fe285,https://tg.linkedin.com/jobs/view/agent-de-support-client%C3%A8le-international-h-f-at-talentpop-app-4437651220,Agent de Support Clientèle International (H/F),TalentPop App,posted,2026-07-20T22:40:42.329459,125
50acfce48f0243b4,https://tg.linkedin.com/jobs/view/charg%C3%A9-de-client%C3%A8le-bilingue-anglais-fran%C3%A7ais-100%25-t%C3%A9l%C3%A9travail-at-talentpop-app-4438499858,Chargé de Clientèle Bilingue (Anglais/Français) - 100% Télétravail,TalentPop App,posted,2026-07-20T22:40:51.178440,127
a5b3031dffd9567f,https://tg.linkedin.com/jobs/view/officer-group-investigations-at-ecobank-transnational-incorporated-4441354370,"Officer, Group Investigations",,scraped,2026-07-20T22:40:53.764640,
5a28715205ae1c7d,https://tg.linkedin.com/jobs/view/work-from-home-customer-support-%E2%80%93-french-speaking-at-talentpop-app-4438449094,Work-from-Home Customer Support – French Speaking,TalentPop App,posted,2026-07-20T22:41:05.112678,61
414f842948d59006,https://tg.linkedin.com/jobs/view/devenez-ambassadeur-de-la-relation-client-r%C3%A9seau-global-fran%C3%A7ais-anglais-%E2%80%94-100%25-t%C3%A9l%C3%A9travail-at-talentpop-app-4438441677,Devenez Ambassadeur de la Relation Client Réseau Global (Français/Anglais) — 100% Télétravail,TalentPop App,posted,2026-07-20T22:41:12.869301,129
449fa9f1bbf87935,https://tg.linkedin.com/jobs/view/ing%C3%A9nieur-travaux-vie-togo-f-h-f-h-at-soletanche-bachy-4442148102,Ingénieur travaux - VIE Togo F/H F/H,,scraped,2026-07-20T22:41:15.469408,
f0b9be57b4f129de,https://tg.linkedin.com/jobs/view/french-speaking-customer-support-specialist-at-talentpop-app-4439622345,French-Speaking Customer Support Specialist,TalentPop App,posted,2026-07-20T22:41:24.941425,97
d246e121b0de5b33,https://tg.linkedin.com/jobs/view/stagiaire-marketing-et-communication-at-thesymo-4435636725,Stagiaire marketing et communication,,scraped,2026-07-20T22:41:27.420793,
9b5dc2ac44cd5e40,https://tg.linkedin.com/jobs/view/charg%C3%A9-de-client%C3%A8le-bilingue-anglais-fran%C3%A7ais-100%25-t%C3%A9l%C3%A9travail-at-talentpop-app-4439621389,Chargé de Clientèle Bilingue (Anglais/Français) - 100% Télétravail,TalentPop App,posted,2026-07-20T22:41:40.928440,131
95a3d3bb34188608,https://tg.linkedin.com/jobs/view/work-from-home-customer-support-%E2%80%93-french-speaking-at-talentpop-app-4438439760,Work-from-Home Customer Support – French Speaking,TalentPop App,posted,2026-07-20T22:41:45.577276,61
2bc75553583c3033,https://tg.linkedin.com/jobs/view/work-from-home-customer-support-%E2%80%93-french-speaking-at-talentpop-app-4438439758,Work-from-Home Customer Support – French Speaking,TalentPop App,posted,2026-07-20T22:41:50.232396,61
4a14c56299ab0bf6,https://tg.linkedin.com/jobs/view/work-from-home-customer-support-%E2%80%93-french-speaking-at-talentpop-app-4438441660,Work-from-Home Customer Support – French Speaking,TalentPop App,scraped,2026-07-20T22:41:54.261121,
c0b0bf63682920c2,https://tg.linkedin.com/jobs/view/work-from-home-customer-support-%E2%80%93-french-speaking-at-talentpop-app-4438445193,Work-from-Home Customer Support – French Speaking,TalentPop App,posted,2026-07-20T22:41:59.042794,61
8ba9df15bcf8a3d6,https://tg.linkedin.com/jobs/view/work-from-home-customer-support-%E2%80%93-french-speaking-at-talentpop-app-4438438714,Work-from-Home Customer Support – French Speaking,TalentPop App,scraped,2026-07-20T22:42:03.206970,
55d816ea0e419cb6,https://tg.linkedin.com/jobs/view/ing%C3%A9nieur-travaux-vie-togo-f-h-f-h-at-vinci-4441986928,Ingénieur travaux - VIE Togo F/H F/H,,scraped,2026-07-20T22:42:05.733028,
5f8c9c34dfdbe5d9,https://tg.linkedin.com/jobs/view/repr%C3%A9sentant-e-du-service-%C3%A0-la-client%C3%A8le-bilingue-fran%C3%A7ais-anglais-%E2%80%94-t%C3%A9l%C3%A9travail-at-talentpop-app-4439606927,Représentant(e) du Service à la Clientèle Bilingue (Français/Anglais) — Télétravail,TalentPop App,posted,2026-07-20T22:42:18.149951,133
ec30a235b6ee99dc,https://tg.linkedin.com/jobs/view/french-customer-support-specialist-bilingual-fr-en-non-voice-blended-remote-at-talentpop-app-4438795269,French Customer Support Specialist (Bilingual FR/EN | Non-Voice/Blended | Remote),TalentPop App,posted,2026-07-20T22:42:22.904702,69
f0e79d6395ebb8a3,https://tg.linkedin.com/jobs/view/repr%C3%A9sentant-e-du-service-%C3%A0-la-client%C3%A8le-bilingue-fran%C3%A7ais-anglais-%E2%80%94-t%C3%A9l%C3%A9travail-at-talentpop-app-4439624275,Représentant(e) du Service à la Clientèle Bilingue (Français/Anglais) — Télétravail,TalentPop App,posted,2026-07-20T22:42:31.641589,135
efc39053125212ca,https://tg.linkedin.com/jobs/view/virtual-customer-support-agent-french-english-%E2%80%93-100%25-remote-at-talentpop-app-4438707754,Virtual Customer Support Agent (French/English) – 100% Remote,TalentPop App,posted,2026-07-20T22:42:36.286642,93
9d0da6916211464e,https://tg.linkedin.com/jobs/view/virtual-customer-support-agent-french-english-%E2%80%93-100%25-remote-at-talentpop-app-4438444219,Virtual Customer Support Agent (French/English) – 100% Remote,TalentPop App,scraped,2026-07-20T22:42:40.329996,
2c82ea36867fb99a,https://tg.linkedin.com/jobs/view/bilingual-customer-support-specialist-french-english-100%25-remote-at-talentpop-app-4438702777,Bilingual Customer Support Specialist (French/English) - 100% Remote,TalentPop App,posted,2026-07-20T22:42:44.955881,85
df3c90e7a248e2f6,https://tg.linkedin.com/jobs/view/bilingual-customer-support-specialist-french-english-100%25-remote-at-talentpop-app-4438705725,Bilingual Customer Support Specialist (French/English) - 100% Remote,TalentPop App,posted,2026-07-20T22:42:49.780223,85
7e5cf0cb3f1d7e6a,https://tg.linkedin.com/jobs/view/french-customer-support-specialist-bilingual-fr-en-non-voice-blended-remote-at-talentpop-app-4438795252,French Customer Support Specialist (Bilingual FR/EN | Non-Voice/Blended | Remote),TalentPop App,posted,2026-07-20T22:42:54.503595,69
465bc76f1cdbdb73,https://tg.linkedin.com/jobs/view/bilingual-customer-support-specialist-french-english-100%25-remote-at-talentpop-app-4438707755,Bilingual Customer Support Specialist (French/English) - 100% Remote,TalentPop App,posted,2026-07-20T22:42:59.297499,85
5abad813c5b95af5,https://tg.linkedin.com/jobs/view/repr%C3%A9sentant-e-du-service-%C3%A0-la-client%C3%A8le-bilingue-fran%C3%A7ais-anglais-%E2%80%94-t%C3%A9l%C3%A9travail-at-talentpop-app-4439200114,Représentant(e) du Service à la Clientèle Bilingue (Français/Anglais) — Télétravail,TalentPop App,posted,2026-07-20T22:43:07.878206,137
994fd0a8f4152c50,https://tg.linkedin.com/jobs/view/chauffeur-at-choco-togo-officiel-4442747713,Chauffeur,,scraped,2026-07-20T22:43:10.540720,
9b05653da70d2206,https://tg.linkedin.com/jobs/view/brazers-2nd-shift-at-coilmaster-corporation-4424945556,Brazers 2nd Shift,Coilmaster Corporation,posted,2026-07-20T22:43:34.141106,139
9197f25d762dab06,https://tg.linkedin.com/jobs/view/women-s-health-coordinator-at-altamed-health-services-4440915130,Women's Health Coordinator,AltaMed Health Services,posted,2026-07-20T22:43:42.620788,141
8d1611835315c56d,https://tg.linkedin.com/jobs/view/surgery-scheduler-psr-at-novamed-4441417906,Surgery Scheduler/PSR,Novamed,posted,2026-07-20T22:43:51.227725,143
edaf732712002f8c,https://tg.linkedin.com/jobs/view/agent-de-s%C3%A9curit%C3%A9-at-2n-multi-service-4407753242,Agent de sécurité,,scraped,2026-07-20T22:43:53.635583,
3553dba9d5d1d60d,https://tg.linkedin.com/jobs/view/monitoring-evaluation-and-accountability-and-learning-lead-at-care-4440826691,"MONITORING, EVALUATION AND ACCOUNTABILITY AND LEARNING LEAD",CARE,posted,2026-07-20T22:44:07.032138,145
822bb414d7559fd4,https://tg.linkedin.com/jobs/view/policy-and-advocacy-lead-at-care-4440822889,POLICY AND ADVOCACY LEAD,CARE,posted,2026-07-20T22:44:15.763966,147
feb90033c61c7ef3,https://tg.linkedin.com/jobs/view/finance-manager-togo-benin-at-obt-group-4438727063,Finance Manager - Togo & Benin,,scraped,2026-07-20T22:44:18.387190,
cfdf93666af72569,https://tg.linkedin.com/jobs/view/manager-digital-forensics-investigations-at-ecobank-transnational-incorporated-4441338945,"Manager, Digital Forensics & Investigations",,scraped,2026-07-20T22:44:25.684160,
4d0dbdf681fa288a,https://tg.linkedin.com/jobs/view/rejoignez-l-%C3%A9lite-du-support-client-bilingue-fran%C3%A7ais-anglais-%E2%80%93-100-%25-t%C3%A9l%C3%A9travail-%21-at-talentpop-app-4437659025,Rejoignez l'élite du support client bilingue (Français/Anglais) – 100 % Télétravail !,TalentPop App,posted,2026-07-20T22:44:39.685738,149
cc82a98650635f2b,https://tg.linkedin.com/jobs/view/rejoignez-l-%C3%A9lite-du-support-client-bilingue-fran%C3%A7ais-anglais-%E2%80%93-100-%25-t%C3%A9l%C3%A9travail-%21-at-talentpop-app-4437636895,Rejoignez l'élite du support client bilingue (Français/Anglais) – 100 % Télétravail !,TalentPop App,posted,2026-07-20T22:44:48.515347,151
e6e7856d7810c07a,https://tg.linkedin.com/jobs/view/rejoignez-l-%C3%A9lite-du-support-client-bilingue-fran%C3%A7ais-anglais-%E2%80%93-100-%25-t%C3%A9l%C3%A9travail-%21-at-talentpop-app-4437649653,Rejoignez l'élite du support client bilingue (Français/Anglais) – 100 % Télétravail !,TalentPop App,posted,2026-07-20T22:44:57.563479,153
f35a3806b9147ab8,https://tg.linkedin.com/jobs/view/expert-senior-ppp-participation-du-secteur-priv%C3%A9-at-ntu-international-a-s-4438468414,Expert Senior PPP / Participation du Secteur Privé,,scraped,2026-07-20T22:45:00.113258,
a0220a19d0c82d7d,https://tg.linkedin.com/jobs/view/remote-french-bilingual-customer-support-representative-at-talentpop-app-4440135553,Remote French Bilingual Customer Support Representative,TalentPop App,posted,2026-07-20T22:45:09.864094,81
15f83874e6a976d9,https://tg.linkedin.com/jobs/view/assistant-plant-manager-at-coilmaster-corporation-4432431023,Assistant Plant Manager,Coilmaster Corporation,posted,2026-07-20T22:45:18.478373,155
4c95f1bd7c273632,https://tg.linkedin.com/jobs/view/remote-french-bilingual-customer-support-representative-at-talentpop-app-4440146240,Remote French Bilingual Customer Support Representative,TalentPop App,posted,2026-07-20T22:45:23.520137,81
11f9823fd0446e40,https://tg.linkedin.com/jobs/view/remote-french-bilingual-customer-support-representative-at-talentpop-app-4440131697,Remote French Bilingual Customer Support Representative,TalentPop App,posted,2026-07-20T22:45:28.215278,81
28ee93274bc5d130,https://tg.linkedin.com/jobs/view/group-lead-financial-risk-assurance-at-ecobank-transnational-incorporated-4441340882,"Group Lead, Financial Risk Assurance",,scraped,2026-07-20T22:45:30.778267,
cee262338626fd3f,https://tg.linkedin.com/jobs/view/french-customer-support-specialist-bilingual-fr-en-non-voice-blended-remote-at-talentpop-app-4437641852,French Customer Support Specialist (Bilingual FR/EN | Non-Voice/Blended | Remote),TalentPop App,scraped,2026-07-20T22:45:41.076932,
